"created_at","id","latency_ms","model","role","text","ticket_id","tokens_in","tokens_out","user_id"
"2026-09-16T16:23:12.386592Z","1fdd5d8f-bd90-48bf-9ebe-2b4c00142f6c",6219,gpt://b1grk6ibvjv1uiv5m57a/yandexgpt/latest,agent,Тикет успешно создан. Ваш запрос по проблеме с принтером зарегистрирован. Наш специалист свяжется с вами в ближайшее время. Идентификатор вашего тикета: 99a56834-b593-464e-9045-5d8de93ddfbd.,"99a56834-b593-464e-9045-5d8de93ddfbd",1692,101,limeman14@gmail.com
"2026-09-16T16:23:06.099797Z",b4458a11-343f-48b9-946d-472a5bc9559f,0,"",user,"Создай тикет категории Bug

ср, 16 сент. 2026 г. в 23:16, Helpdesk <[email]>:

> В базе знаний не нашлось информации, которая помогла бы решить проблему с
> принтером. Предлагаю создать тикет, чтобы специалисты могли детально
> рассмотреть ваш вопрос и помочь.
>","99a56834-b593-464e-9045-5d8de93ddfbd",0,0,limeman14@gmail.com
"2026-09-16T16:16:23.508122Z",a1296848-3419-4f81-8a75-8eb6f6f1d38e,2628,gpt://b1grk6ibvjv1uiv5m57a/yandexgpt/latest,agent,"В базе знаний не нашлось информации, которая помогла бы решить проблему с принтером. Предлагаю создать тикет, чтобы специалисты могли детально рассмотреть ваш вопрос и помочь.",,1692,49,limeman14@gmail.com
"2026-09-16T16:16:20.813494Z","2d45107e-51da-4704-a515-8b0a85868204",0,"",user,"У меня сломался принтер, что делать?",,0,0,limeman14@gmail.com
